Alice Smith,0987654321,alice@gmail.com
arun,1122334455,aew@gmail.com
arun,1092387456,ae@gmail.com
arun cyriac,1234098765,arun@gmail.com
arywb,1209876543,vgcvytswvcuh@gmail.com
Bob Johnson,1112223333,bob@company.com
Carol White,4445556666,carol@company.com
David Brown,7778889999,david@example.com
Eve Davis,6665554444,eve@example.com
Frank Miller,3334445555,frank@example.com
Grace Wilson,2223334444,grace@example.com
Hannah Clark,5556667777,hannah@example.com
Ian Lewis,8889990000,ian@example.com
mike,1234658709,asfcdwqsgtfcx@gmail.com
rrc,8905674321,ueenufceurv@gmail.com
